"","Taxon","NestingModallupper"
"Opamyrma_hungvuong","Opamyrma_hungvuong","1"
"Leptanilla_CASENT0106505","Leptanilla_CASENT0106505","1"
"Protanilla_CASENT0007002","Protanilla_CASENT0007002","1"
"Anomalomyrma_boltoni","Anomalomyrma_boltoni","1"
"Martialis_heureka","Martialis_heureka","1"
"Proceratium_stictum","Proceratium_stictum","2"
"Discothyrea_testacea","Discothyrea_testacea","1"
"Probolomyrmex_tani","Probolomyrmex_tani","1"
"Apomyrma_stygia","Apomyrma_stygia","1"
"Onychomyrmex_hedleyi","Onychomyrmex_hedleyi","1"
"Amblyopone_longidens","Amblyopone_longidens","1"
"Prionopelta_subtilis","Prionopelta_subtilis","1"
"Prionopelta_concenta","Prionopelta_concenta","1"
"Prionopelta_amabilis","Prionopelta_amabilis","1"
"Fulakora_mystriops","Fulakora_mystriops","1"
"Fulakora_minima","Fulakora_minima","1"
"Fulakora_saundersi","Fulakora_saundersi","1"
"Fulakora_elongata","Fulakora_elongata","1"
"Fulakora_armigera","Fulakora_armigera","1"
"Fulakora_cleae","Fulakora_cleae","1"
"Myopopone_castanea","Myopopone_castanea","1"
"Stigmatomma_silvestrii","Stigmatomma_silvestrii","1"
"Stigmatomma_denticulatum","Stigmatomma_denticulatum","1"
"Stigmatomma_scrobiceps","Stigmatomma_scrobiceps","1"
"Adetomyrma_caputleae","Adetomyrma_caputleae","1"
"Adetomyrma_bressleri","Adetomyrma_bressleri","1"
"Stigmatomma_boltoni","Stigmatomma_boltoni","1"
"Stigmatomma_oregonense","Stigmatomma_oregonense","1"
"Stigmatomma_pallipes","Stigmatomma_pallipes","1"
"Xymmer_muticus","Xymmer_muticus","1"
"Mystrium_camillae","Mystrium_camillae","1"
"Mystrium_mysticum","Mystrium_mysticum","1"
"Mystrium_rogeri","Mystrium_rogeri","1"
"Mystrium_barrybressleri","Mystrium_barrybressleri","1"
"Mystrium_shadow","Mystrium_shadow","1"
"Mystrium_janovitzi","Mystrium_janovitzi","1"
"Mystrium_oberthueri","Mystrium_oberthueri","1"
"Mystrium_voeltzkowi","Mystrium_voeltzkowi","1"
"Mystrium_mirror","Mystrium_mirror","1"
"Paraponera_clavata","Paraponera_clavata","2"
"Ankylomyrma_coronacantha","Ankylomyrma_coronacantha","2"
"Tatuidris_tatusia","Tatuidris_tatusia","1"
"Platythyrea_bicuspis","Platythyrea_bicuspis","2"
"Platythyrea_quadridenta","Platythyrea_quadridenta","2"
"Platythyrea_prizo","Platythyrea_prizo","2"
"Platythyrea_turneri","Platythyrea_turneri","2"
"Platythyrea_mocquerysi","Platythyrea_mocquerysi","2"
"Platythyrea_lamellosa","Platythyrea_lamellosa","2"
"Platythyrea_conradti","Platythyrea_conradti","2"
"Platythyrea_arthuri","Platythyrea_arthuri","2"
"Platythyrea_punctata","Platythyrea_punctata","2"
"Platythyrea_angusta","Platythyrea_angusta","2"
"Platythyrea_pilosula","Platythyrea_pilosula","2"
"Diacamma_rugosum","Diacamma_rugosum","1"
"Emeryopone_buttelreepeni","Emeryopone_buttelreepeni","1"
"Cryptopone_gilva","Cryptopone_gilva","1"
"Austroponera_castanea","Austroponera_castanea","1"
"Ponera_exotica","Ponera_exotica","1"
"Ponera_pennsylvanica","Ponera_pennsylvanica","1"
"Thaumatomyrmex_atrox","Thaumatomyrmex_atrox","1"
"Mayaponera_constricta","Mayaponera_constricta","1"
"Dinoponera_gigantea","Dinoponera_gigantea","1"
"Dinoponera_australis","Dinoponera_australis","1"
"Pachycondyla_harpax","Pachycondyla_harpax","1"
"Pachycondyla_impressa","Pachycondyla_impressa","1"
"Pachycondyla_crassinoda","Pachycondyla_crassinoda","1"
"Neoponera_villosa","Neoponera_villosa","2"
"Neoponera_apicalis","Neoponera_apicalis","2"
"Neoponera_unidentata","Neoponera_unidentata","2"
"Neoponera_carinulata","Neoponera_carinulata","2"
"Neoponera_fauveli","Neoponera_fauveli","2"
"Neoponera_aenescens","Neoponera_aenescens","2"
"Neoponera_marginata","Neoponera_marginata","2"
"Neoponera_commutata","Neoponera_commutata","2"
"Hypoponera_indigens","Hypoponera_indigens","1"
"Hypoponera_johannae","Hypoponera_johannae","1"
"Hypoponera_ludovicae","Hypoponera_ludovicae","1"
"Hypoponera_parva","Hypoponera_parva","1"
"Hypoponera_sakalava","Hypoponera_sakalava","1"
"Hypoponera_inexorata","Hypoponera_inexorata","1"
"Hypoponera_opacior","Hypoponera_opacior","1"
"Harpegnathos_saltator","Harpegnathos_saltator","1"
"Harpegnathos_venator","Harpegnathos_venator","1"
"Centromyrmex_brachycola","Centromyrmex_brachycola","1"
"Centromyrmex_sellaris","Centromyrmex_sellaris","1"
"Psalidomyrmex_procerus","Psalidomyrmex_procerus","1"
"Loboponera_politula","Loboponera_politula","1"
"Plectroctena_minor","Plectroctena_minor","1"
"Plectroctena_mandibularis","Plectroctena_mandibularis","1"
"Plectroctena_ugandensis","Plectroctena_ugandensis","1"
"Myopias_tenuis","Myopias_tenuis","1"
"Leptogenys_iridescens","Leptogenys_iridescens","1"
"Leptogenys_crassicornis","Leptogenys_crassicornis","1"
"Leptogenys_acutirostris","Leptogenys_acutirostris","1"
"Leptogenys_toeraniva","Leptogenys_toeraniva","1"
"Leptogenys_intermedia","Leptogenys_intermedia","1"
"Leptogenys_diminuta","Leptogenys_diminuta","1"
"Leptogenys_chinensis","Leptogenys_chinensis","1"
"Leptogenys_malama","Leptogenys_malama","1"
"Leptogenys_angusta","Leptogenys_angusta","1"
"Leptogenys_coerulescens","Leptogenys_coerulescens","1"
"Leptogenys_antongilensis","Leptogenys_antongilensis","1"
"Leptogenys_attenuata","Leptogenys_attenuata","1"
"Leptogenys_pavesii","Leptogenys_pavesii","1"
"Leptogenys_lavavava","Leptogenys_lavavava","1"
"Leptogenys_oswaldi","Leptogenys_oswaldi","1"
"Leptogenys_voeltzkowi","Leptogenys_voeltzkowi","1"
"Leptogenys_borivava","Leptogenys_borivava","1"
"Leptogenys_truncatirostris","Leptogenys_truncatirostris","1"
"Hagensia_havilandi","Hagensia_havilandi","1"
"Euponera_brunoi","Euponera_brunoi","1"
"Euponera_antsiraka","Euponera_antsiraka","1"
"Euponera_sikorae","Euponera_sikorae","1"
"Phrynoponera_gabonensis","Phrynoponera_gabonensis","1"
"Bothroponera_comorensis","Bothroponera_comorensis","1"
"Bothroponera_perroti","Bothroponera_perroti","1"
"Bothroponera_cambouei","Bothroponera_cambouei","1"
"Bothroponera_wasmannii","Bothroponera_wasmannii","1"
"Bothroponera_vazimba","Bothroponera_vazimba","1"
"Buniapone_amblyops","Buniapone_amblyops","1"
"Paltothyreus_tarsatus","Paltothyreus_tarsatus","1"
"Ophthalmopone_berthoudi","Ophthalmopone_berthoudi","1"
"Megaponera_analis","Megaponera_analis","1"
"Mesoponera_ingesta","Mesoponera_ingesta","1"
"Streblognathus_peetersi","Streblognathus_peetersi","1"
"Mesoponera_rubra","Mesoponera_rubra","1"
"Mesoponera_ambigua","Mesoponera_ambigua","1"
"Pseudoneoponera_rufipes","Pseudoneoponera_rufipes","2"
"Odontoponera_transversa","Odontoponera_transversa","1"
"Anochetus_grandidieri","Anochetus_grandidieri","2"
"Anochetus_princeps","Anochetus_princeps","2"
"Anochetus_ghilianii","Anochetus_ghilianii","2"
"Anochetus_levaillanti","Anochetus_levaillanti","2"
"Anochetus_emarginatus","Anochetus_emarginatus","2"
"Anochetus_boltoni","Anochetus_boltoni","2"
"Anochetus_goodmani","Anochetus_goodmani","2"
"Anochetus_pubescens","Anochetus_pubescens","2"
"Anochetus_africanus","Anochetus_africanus","2"
"Anochetus_madagascarensis","Anochetus_madagascarensis","2"
"Anochetus_katonae","Anochetus_katonae","2"
"Odontomachus_rixosus","Odontomachus_rixosus","2"
"Odontomachus_coquereli","Odontomachus_coquereli","2"
"Odontomachus_assiniensis","Odontomachus_assiniensis","2"
"Odontomachus_chelifer","Odontomachus_chelifer","2"
"Odontomachus_hastatus","Odontomachus_hastatus","2"
"Odontomachus_ruficeps","Odontomachus_ruficeps","2"
"Odontomachus_cephalotes","Odontomachus_cephalotes","2"
"Odontomachus_meinerti","Odontomachus_meinerti","2"
"Odontomachus_laticeps","Odontomachus_laticeps","2"
"Odontomachus_clarus","Odontomachus_clarus","2"
"Odontomachus_brunneus","Odontomachus_brunneus","2"
"Odontomachus_relictus","Odontomachus_relictus","2"
"Odontomachus_haematodus","Odontomachus_haematodus","2"
"Odontomachus_erythrocephalus","Odontomachus_erythrocephalus","2"
"Odontomachus_opaciventris","Odontomachus_opaciventris","2"
"Odontomachus_bauri","Odontomachus_bauri","2"
"Odontomachus_troglodytes","Odontomachus_troglodytes","2"
"Syscia_augustae","Syscia_augustae","1"
"Syscia_typhla","Syscia_typhla","1"
"Ooceraea_fragosa","Ooceraea_fragosa","1"
"Ooceraea_biroi","Ooceraea_biroi","1"
"Ooceraea_australis","Ooceraea_australis","1"
"Leptanilloides_nomada","Leptanilloides_nomada","1"
"Leptanilloides_mckennae","Leptanilloides_mckennae","1"
"Leptanilloides_nubecula","Leptanilloides_nubecula","1"
"Leptanilloides_gracilis","Leptanilloides_gracilis","1"
"Leptanilloides_femoralis","Leptanilloides_femoralis","1"
"Tanipone_scelesta","Tanipone_scelesta","2"
"Tanipone_zona","Tanipone_zona","2"
"Tanipone_hirsuta","Tanipone_hirsuta","2"
"Tanipone_aglandula","Tanipone_aglandula","2"
"Simopone_elegans","Simopone_elegans","2"
"Simopone_dryas","Simopone_dryas","2"
"Simopone_conradti","Simopone_conradti","2"
"Simopone_dignita","Simopone_dignita","2"
"Vicinopone_conciliatrix","Vicinopone_conciliatrix","2"
"Cylindromyrmex_meinerti","Cylindromyrmex_meinerti","2"
"Cylindromyrmex_striatus","Cylindromyrmex_striatus","2"
"Acanthostichus_punctiscapus","Acanthostichus_punctiscapus","1"
"Acanthostichus_davisi","Acanthostichus_davisi","1"
"Acanthostichus_brevicornis","Acanthostichus_brevicornis","1"
"Acanthostichus_quadratus","Acanthostichus_quadratus","1"
"Acanthostichus_kirbyi","Acanthostichus_kirbyi","1"
"Parasyscia_sylvicola","Parasyscia_sylvicola","1"
"Parasyscia_dohertyi","Parasyscia_dohertyi","1"
"Parasyscia_desposyne","Parasyscia_desposyne","1"
"Chrysapace_sauteri","Chrysapace_sauteri","1"
"Yunodorylus_paradoxus","Yunodorylus_paradoxus","1"
"Yunodorylus_sexspinus","Yunodorylus_sexspinus","1"
"Cerapachys_jacobsoni","Cerapachys_jacobsoni","1"
"Aenictus_aratus","Aenictus_aratus","1"
"Aenictus_laeviceps","Aenictus_laeviceps","1"
"Aenictus_ceylonicus","Aenictus_ceylonicus","1"
"Aenictus_turneri","Aenictus_turneri","1"
"Aenictus_rotundatus","Aenictus_rotundatus","1"
"Aenictus_eugenii","Aenictus_eugenii","1"
"Dorylus_laevigatus","Dorylus_laevigatus","1"
"Dorylus_fimbriatus","Dorylus_fimbriatus","1"
"Dorylus_orientalis","Dorylus_orientalis","1"
"Dorylus_conradti","Dorylus_conradti","1"
"Dorylus_spininodis","Dorylus_spininodis","1"
"Dorylus_kohli","Dorylus_kohli","1"
"Dorylus_braunsi","Dorylus_braunsi","1"
"Dorylus_affinis","Dorylus_affinis","1"
"Dorylus_helvolus","Dorylus_helvolus","1"
"Dorylus_emeryi","Dorylus_emeryi","1"
"Dorylus_fulvus","Dorylus_fulvus","1"
"Dorylus_gribodoi","Dorylus_gribodoi","1"
"Dorylus_mayri","Dorylus_mayri","1"
"Dorylus_nigricans","Dorylus_nigricans","1"
"Dorylus_wilverthi","Dorylus_wilverthi","1"
"Cheliomyrmex_andicola","Cheliomyrmex_andicola","1"
"Labidus_coecus","Labidus_coecus","1"
"Labidus_praedator","Labidus_praedator","1"
"Nomamyrmex_hartigii","Nomamyrmex_hartigii","1"
"Nomamyrmex_esenbeckii","Nomamyrmex_esenbeckii","1"
"Eciton_burchellii","Eciton_burchellii","1"
"Eciton_hamatum","Eciton_hamatum","1"
"Eciton_vagans","Eciton_vagans","1"
"Eciton_mexicanum","Eciton_mexicanum","1"
"Eciton_dulcium","Eciton_dulcium","1"
"Labidus_spininodis","Labidus_spininodis","1"
"Neivamyrmex_pilosus","Neivamyrmex_pilosus","1"
"Neivamyrmex_opacithorax","Neivamyrmex_opacithorax","1"
"Neivamyrmex_nigrescens","Neivamyrmex_nigrescens","1"
"Neivamyrmex_swainsonii","Neivamyrmex_swainsonii","1"
"Neivamyrmex_romandii","Neivamyrmex_romandii","1"
"Neivamyrmex_halidaii","Neivamyrmex_halidaii","1"
"Neivamyrmex_postcarinatus","Neivamyrmex_postcarinatus","1"
"Neivamyrmex_angustinodis","Neivamyrmex_angustinodis","1"
"Neivamyrmex_pseudops","Neivamyrmex_pseudops","1"
"Neivamyrmex_gibbatus","Neivamyrmex_gibbatus","1"
"Aneuretus_simoni","Aneuretus_simoni","1"
"Aptinoma_mangabe","Aptinoma_mangabe","2"
"Aptinoma_antongil","Aptinoma_antongil","2"
"Liometopum_luctuosum","Liometopum_luctuosum","2"
"Liometopum_occidentale","Liometopum_occidentale","2"
"Liometopum_apiculatum","Liometopum_apiculatum","2"
"Tapinoma_opacum","Tapinoma_opacum","2"
"Tapinoma_subtile","Tapinoma_subtile","2"
"Tapinoma_erraticum","Tapinoma_erraticum","2"
"Tapinoma_nigerrimum","Tapinoma_nigerrimum","2"
"Axinidris_murielae","Axinidris_murielae","2"
"Axinidris_mlalu","Axinidris_mlalu","2"
"Technomyrmex_fisheri","Technomyrmex_fisheri","2"
"Technomyrmex_voeltzkowi","Technomyrmex_voeltzkowi","2"
"Technomyrmex_mayri","Technomyrmex_mayri","2"
"Technomyrmex_anterops","Technomyrmex_anterops","2"
"Technomyrmex_innocens","Technomyrmex_innocens","2"
"Technomyrmex_madecassus","Technomyrmex_madecassus","2"
"Loweriella_boltoni","Loweriella_boltoni","1"
"Chronoxenus_wroughtonii","Chronoxenus_wroughtonii","1"
"Bothriomyrmex_paradoxus","Bothriomyrmex_paradoxus","1"
"Bothriomyrmex_meridionalis","Bothriomyrmex_meridionalis","1"
"Bothriomyrmex_saundersi","Bothriomyrmex_saundersi","1"
"Dolichoderus_decollatus","Dolichoderus_decollatus","2"
"Dolichoderus_erectilobus","Dolichoderus_erectilobus","2"
"Dolichoderus_pustulatus","Dolichoderus_pustulatus","2"
"Dolichoderus_scabridus","Dolichoderus_scabridus","2"
"Dolichoderus_imitator","Dolichoderus_imitator","2"
"Dolichoderus_lamellosus","Dolichoderus_lamellosus","2"
"Dolichoderus_debilis","Dolichoderus_debilis","2"
"Gracilidris_pombero","Gracilidris_pombero","1"
"Azteca_quadraticeps","Azteca_quadraticeps","2"
"Azteca_beltii","Azteca_beltii","2"
"Azteca_oecocordia","Azteca_oecocordia","2"
"Azteca_pittieri","Azteca_pittieri","2"
"Azteca_instabilis","Azteca_instabilis","2"
"Azteca_ovaticeps","Azteca_ovaticeps","2"
"Azteca_schimperi","Azteca_schimperi","2"
"Forelius_chalybaeus","Forelius_chalybaeus","1"
"Forelius_pruinosus","Forelius_pruinosus","1"
"Dorymyrmex_elegans","Dorymyrmex_elegans","1"
"Dorymyrmex_grandulus","Dorymyrmex_grandulus","1"
"Dorymyrmex_bicolor","Dorymyrmex_bicolor","1"
"Leptomyrmex_burwelli","Leptomyrmex_burwelli","1"
"Leptomyrmex_dolichoscapus","Leptomyrmex_dolichoscapus","1"
"Leptomyrmex_garretti","Leptomyrmex_garretti","1"
"Leptomyrmex_tibialis","Leptomyrmex_tibialis","1"
"Leptomyrmex_nigriventris","Leptomyrmex_nigriventris","1"
"Leptomyrmex_wiburdi","Leptomyrmex_wiburdi","1"
"Leptomyrmex_cnemidatus","Leptomyrmex_cnemidatus","1"
"Leptomyrmex_erythrocephalus","Leptomyrmex_erythrocephalus","1"
"Leptomyrmex_geniculatus","Leptomyrmex_geniculatus","1"
"Leptomyrmex_nigriceps","Leptomyrmex_nigriceps","1"
"Leptomyrmex_pallens","Leptomyrmex_pallens","1"
"Leptomyrmex_rufithorax","Leptomyrmex_rufithorax","1"
"Leptomyrmex_rufipes","Leptomyrmex_rufipes","1"
"Leptomyrmex_ruficeps","Leptomyrmex_ruficeps","1"
"Leptomyrmex_rothneyi","Leptomyrmex_rothneyi","1"
"Leptomyrmex_mjobergi","Leptomyrmex_mjobergi","1"
"Leptomyrmex_varians","Leptomyrmex_varians","1"
"Leptomyrmex_unicolor","Leptomyrmex_unicolor","1"
"Leptomyrmex_niger","Leptomyrmex_niger","1"
"Leptomyrmex_fragilis","Leptomyrmex_fragilis","1"
"Leptomyrmex_darlingtoni","Leptomyrmex_darlingtoni","1"
"Leptomyrmex_puberulus","Leptomyrmex_puberulus","1"
"Leptomyrmex_flavitarsus","Leptomyrmex_flavitarsus","1"
"Papyrius_nitidus","Papyrius_nitidus","2"
"Anonychomyrma_itinerans","Anonychomyrma_itinerans","2"
"Anonychomyrma_nitidiceps","Anonychomyrma_nitidiceps","2"
"Anonychomyrma_gilberti","Anonychomyrma_gilberti","2"
"Nebothriomyrmex_majeri","Nebothriomyrmex_majeri","1"
"Philidris_cordata","Philidris_cordata","2"
"Turneria_bidentata","Turneria_bidentata","2"
"Froggattella_kirbii","Froggattella_kirbii","2"
"Froggattella_latispina","Froggattella_latispina","2"
"Iridomyrmex_pallidus","Iridomyrmex_pallidus","1"
"Iridomyrmex_sanguineus","Iridomyrmex_sanguineus","1"
"Iridomyrmex_purpureus","Iridomyrmex_purpureus","1"
"Iridomyrmex_spadius","Iridomyrmex_spadius","1"
"Linepithema_angulatum","Linepithema_angulatum","2"
"Linepithema_cryptobioticum","Linepithema_cryptobioticum","2"
"Linepithema_piliferum","Linepithema_piliferum","2"
"Linepithema_tsachila","Linepithema_tsachila","2"
"Linepithema_keiteli","Linepithema_keiteli","2"
"Linepithema_dispertitum","Linepithema_dispertitum","2"
"Linepithema_pulex","Linepithema_pulex","2"
"Linepithema_aztecoides","Linepithema_aztecoides","2"
"Linepithema_neotropicum","Linepithema_neotropicum","2"
"Linepithema_cerradense","Linepithema_cerradense","2"
"Linepithema_oblongum","Linepithema_oblongum","2"
"Linepithema_gallardoi","Linepithema_gallardoi","2"
"Linepithema_anathema","Linepithema_anathema","2"
"Linepithema_micans","Linepithema_micans","2"
"Nothomyrmecia_macrops","Nothomyrmecia_macrops","1"
"Myrmecia_esuriens","Myrmecia_esuriens","1"
"Myrmecia_gulosa","Myrmecia_gulosa","1"
"Myrmecia_athertonensis","Myrmecia_athertonensis","1"
"Myrmecia_pulchra","Myrmecia_pulchra","1"
"Myrmecia_rufinodis","Myrmecia_rufinodis","1"
"Myrmecia_fabricii","Myrmecia_fabricii","1"
"Myrmecia_forceps","Myrmecia_forceps","1"
"Myrmecia_midas","Myrmecia_midas","1"
"Myrmecia_nigrocincta","Myrmecia_nigrocincta","1"
"Myrmecia_petiolata","Myrmecia_petiolata","1"
"Myrmecia_tarsata","Myrmecia_tarsata","1"
"Myrmecia_nigriscapa","Myrmecia_nigriscapa","1"
"Myrmecia_rowlandi","Myrmecia_rowlandi","1"
"Myrmecia_eungellensis","Myrmecia_eungellensis","1"
"Myrmecia_loweryi","Myrmecia_loweryi","1"
"Myrmecia_urens","Myrmecia_urens","1"
"Myrmecia_fucosa","Myrmecia_fucosa","1"
"Myrmecia_picta","Myrmecia_picta","1"
"Myrmecia_tepperi","Myrmecia_tepperi","1"
"Myrmecia_formosa","Myrmecia_formosa","1"
"Myrmecia_froggatti","Myrmecia_froggatti","1"
"Myrmecia_mandibularis","Myrmecia_mandibularis","1"
"Myrmecia_fulvipes","Myrmecia_fulvipes","1"
"Myrmecia_piliventris","Myrmecia_piliventris","1"
"Myrmecia_fulviculis","Myrmecia_fulviculis","1"
"Myrmecia_michaelseni","Myrmecia_michaelseni","1"
"Myrmecia_chrysogaster","Myrmecia_chrysogaster","1"
"Myrmecia_testaceipes","Myrmecia_testaceipes","1"
"Myrmecia_varians","Myrmecia_varians","1"
"Myrmecia_harderi","Myrmecia_harderi","1"
"Myrmecia_swalei","Myrmecia_swalei","1"
"Myrmecia_pilosula","Myrmecia_pilosula","1"
"Myrmecia_croslandi","Myrmecia_croslandi","1"
"Myrmecia_chasei","Myrmecia_chasei","1"
"Myrmecia_callima","Myrmecia_callima","1"
"Tetraponera_pilosa","Tetraponera_pilosa","2"
"Tetraponera_latifrons","Tetraponera_latifrons","2"
"Tetraponera_aethiops","Tetraponera_aethiops","2"
"Tetraponera_andrei","Tetraponera_andrei","2"
"Tetraponera_anthracina","Tetraponera_anthracina","2"
"Tetraponera_mocquerysi","Tetraponera_mocquerysi","2"
"Tetraponera_schulthessi","Tetraponera_schulthessi","2"
"Tetraponera_natalensis","Tetraponera_natalensis","2"
"Tetraponera_caffra","Tetraponera_caffra","2"
"Tetraponera_manangotra","Tetraponera_manangotra","2"
"Tetraponera_inermis","Tetraponera_inermis","2"
"Tetraponera_merita","Tetraponera_merita","2"
"Tetraponera_variegata","Tetraponera_variegata","2"
"Tetraponera_grandidieri","Tetraponera_grandidieri","2"
"Tetraponera_hespera","Tetraponera_hespera","2"
"Tetraponera_hirsuta","Tetraponera_hirsuta","2"
"Tetraponera_phragmotica","Tetraponera_phragmotica","2"
"Tetraponera_ambigua","Tetraponera_ambigua","2"
"Tetraponera_ophthalmica","Tetraponera_ophthalmica","2"
"Tetraponera_parops","Tetraponera_parops","2"
"Tetraponera_attenuata","Tetraponera_attenuata","2"
"Tetraponera_nigra","Tetraponera_nigra","2"
"Tetraponera_nitida","Tetraponera_nitida","2"
"Tetraponera_difficilis","Tetraponera_difficilis","2"
"Tetraponera_binghami","Tetraponera_binghami","2"
"Tetraponera_polita","Tetraponera_polita","2"
"Tetraponera_tucurua","Tetraponera_tucurua","2"
"Tetraponera_punctulata","Tetraponera_punctulata","2"
"Tetraponera_rotula","Tetraponera_rotula","2"
"Tetraponera_laeviceps","Tetraponera_laeviceps","2"
"Tetraponera_mimula","Tetraponera_mimula","2"
"Tetraponera_mandibularis","Tetraponera_mandibularis","2"
"Tetraponera_fictrix","Tetraponera_fictrix","2"
"Tetraponera_sahlbergii","Tetraponera_sahlbergii","2"
"Tetraponera_rakotonis","Tetraponera_rakotonis","2"
"Tetraponera_hysterica","Tetraponera_hysterica","2"
"Tetraponera_morondaviensis","Tetraponera_morondaviensis","2"
"Tetraponera_perlonga","Tetraponera_perlonga","2"
"Tetraponera_penzigi","Tetraponera_penzigi","2"
"Tetraponera_tessmanni","Tetraponera_tessmanni","2"
"Tetraponera_clypeata","Tetraponera_clypeata","2"
"Tetraponera_emeryi","Tetraponera_emeryi","2"
"Tetraponera_microcarpa","Tetraponera_microcarpa","2"
"Tetraponera_allaborans","Tetraponera_allaborans","2"
"Tetraponera_extenuata","Tetraponera_extenuata","2"
"Tetraponera_modesta","Tetraponera_modesta","2"
"Myrcidris_epicharis","Myrcidris_epicharis","2"
"Pseudomyrmex_beccarii","Pseudomyrmex_beccarii","2"
"Pseudomyrmex_sericeus","Pseudomyrmex_sericeus","2"
"Pseudomyrmex_ita","Pseudomyrmex_ita","2"
"Pseudomyrmex_lisus","Pseudomyrmex_lisus","2"
"Pseudomyrmex_fortis","Pseudomyrmex_fortis","2"
"Pseudomyrmex_rubiginosus","Pseudomyrmex_rubiginosus","2"
"Pseudomyrmex_crudelis","Pseudomyrmex_crudelis","2"
"Pseudomyrmex_ferox","Pseudomyrmex_ferox","2"
"Pseudomyrmex_eculeus","Pseudomyrmex_eculeus","2"
"Pseudomyrmex_godmani","Pseudomyrmex_godmani","2"
"Pseudomyrmex_niger","Pseudomyrmex_niger","2"
"Pseudomyrmex_unicolor","Pseudomyrmex_unicolor","2"
"Pseudomyrmex_pupa","Pseudomyrmex_pupa","2"
"Pseudomyrmex_laevigatus","Pseudomyrmex_laevigatus","2"
"Pseudomyrmex_osurus","Pseudomyrmex_osurus","2"
"Pseudomyrmex_atripes","Pseudomyrmex_atripes","2"
"Pseudomyrmex_faber","Pseudomyrmex_faber","2"
"Pseudomyrmex_venustus","Pseudomyrmex_venustus","2"
"Pseudomyrmex_major","Pseudomyrmex_major","2"
"Pseudomyrmex_nigropilosus","Pseudomyrmex_nigropilosus","2"
"Pseudomyrmex_maculatus","Pseudomyrmex_maculatus","2"
"Pseudomyrmex_opaciceps","Pseudomyrmex_opaciceps","2"
"Pseudomyrmex_santschii","Pseudomyrmex_santschii","2"
"Pseudomyrmex_hospitalis","Pseudomyrmex_hospitalis","2"
"Pseudomyrmex_filiformis","Pseudomyrmex_filiformis","2"
"Pseudomyrmex_denticollis","Pseudomyrmex_denticollis","2"
"Pseudomyrmex_termitarius","Pseudomyrmex_termitarius","2"
"Pseudomyrmex_boopis","Pseudomyrmex_boopis","2"
"Pseudomyrmex_tenuis","Pseudomyrmex_tenuis","2"
"Pseudomyrmex_spiculus","Pseudomyrmex_spiculus","2"
"Pseudomyrmex_tenuissimus","Pseudomyrmex_tenuissimus","2"
"Pseudomyrmex_fervidus","Pseudomyrmex_fervidus","2"
"Pseudomyrmex_rufomedius","Pseudomyrmex_rufomedius","2"
"Pseudomyrmex_salvini","Pseudomyrmex_salvini","2"
"Pseudomyrmex_apache","Pseudomyrmex_apache","2"
"Pseudomyrmex_championi","Pseudomyrmex_championi","2"
"Pseudomyrmex_elongatulus","Pseudomyrmex_elongatulus","2"
"Pseudomyrmex_kuenckeli","Pseudomyrmex_kuenckeli","2"
"Pseudomyrmex_longus","Pseudomyrmex_longus","2"
"Pseudomyrmex_lynceus","Pseudomyrmex_lynceus","2"
"Pseudomyrmex_phyllophilus","Pseudomyrmex_phyllophilus","2"
"Pseudomyrmex_pallens","Pseudomyrmex_pallens","2"
"Pseudomyrmex_tachigaliae","Pseudomyrmex_tachigaliae","2"
"Pseudomyrmex_malignus","Pseudomyrmex_malignus","2"
"Pseudomyrmex_penetrator","Pseudomyrmex_penetrator","2"
"Pseudomyrmex_insuavis","Pseudomyrmex_insuavis","2"
"Pseudomyrmex_concolor","Pseudomyrmex_concolor","2"
"Pseudomyrmex_subater","Pseudomyrmex_subater","2"
"Pseudomyrmex_duckei","Pseudomyrmex_duckei","2"
"Pseudomyrmex_triplaridis","Pseudomyrmex_triplaridis","2"
"Pseudomyrmex_viduus","Pseudomyrmex_viduus","2"
"Pseudomyrmex_mordax","Pseudomyrmex_mordax","2"
"Pseudomyrmex_triplarinus","Pseudomyrmex_triplarinus","2"
"Pseudomyrmex_ultrix","Pseudomyrmex_ultrix","2"
"Pseudomyrmex_dendroicus","Pseudomyrmex_dendroicus","2"
"Pseudomyrmex_schuppi","Pseudomyrmex_schuppi","2"
"Pseudomyrmex_oculatus","Pseudomyrmex_oculatus","2"
"Pseudomyrmex_cretus","Pseudomyrmex_cretus","2"
"Pseudomyrmex_curacaensis","Pseudomyrmex_curacaensis","2"
"Pseudomyrmex_cubaensis","Pseudomyrmex_cubaensis","2"
"Pseudomyrmex_caeciliae","Pseudomyrmex_caeciliae","2"
"Pseudomyrmex_eduardi","Pseudomyrmex_eduardi","2"
"Pseudomyrmex_urbanus","Pseudomyrmex_urbanus","2"
"Pseudomyrmex_elongatus","Pseudomyrmex_elongatus","2"
"Pseudomyrmex_depressus","Pseudomyrmex_depressus","2"
"Pseudomyrmex_haytianus","Pseudomyrmex_haytianus","2"
"Pseudomyrmex_laevifrons","Pseudomyrmex_laevifrons","2"
"Pseudomyrmex_perboscii","Pseudomyrmex_perboscii","2"
"Pseudomyrmex_nigrocinctus","Pseudomyrmex_nigrocinctus","2"
"Pseudomyrmex_particeps","Pseudomyrmex_particeps","2"
"Pseudomyrmex_peperi","Pseudomyrmex_peperi","2"
"Pseudomyrmex_satanicus","Pseudomyrmex_satanicus","2"
"Pseudomyrmex_spinicola","Pseudomyrmex_spinicola","2"
"Pseudomyrmex_mixtecus","Pseudomyrmex_mixtecus","2"
"Pseudomyrmex_veneficus","Pseudomyrmex_veneficus","2"
"Pseudomyrmex_ferrugineus","Pseudomyrmex_ferrugineus","2"
"Pseudomyrmex_janzeni","Pseudomyrmex_janzeni","2"
"Pseudomyrmex_flavicornis","Pseudomyrmex_flavicornis","2"
"Pseudomyrmex_oki","Pseudomyrmex_oki","2"
"Pseudomyrmex_gebellii","Pseudomyrmex_gebellii","2"
"Pseudomyrmex_simplex","Pseudomyrmex_simplex","2"
"Pseudomyrmex_pazosi","Pseudomyrmex_pazosi","2"
"Pseudomyrmex_euryblemma","Pseudomyrmex_euryblemma","2"
"Pseudomyrmex_laevivertex","Pseudomyrmex_laevivertex","2"
"Pseudomyrmex_lizeri","Pseudomyrmex_lizeri","2"
"Pseudomyrmex_seminole","Pseudomyrmex_seminole","2"
"Pseudomyrmex_pallidus","Pseudomyrmex_pallidus","2"
"Pseudomyrmex_ethicus","Pseudomyrmex_ethicus","2"
"Pseudomyrmex_ejectus","Pseudomyrmex_ejectus","2"
"Pseudomyrmex_holmgreni","Pseudomyrmex_holmgreni","2"
"Pseudomyrmex_rufiventris","Pseudomyrmex_rufiventris","2"
"Pseudomyrmex_inquilinus","Pseudomyrmex_inquilinus","2"
"Pseudomyrmex_acanthobius","Pseudomyrmex_acanthobius","2"
"Pseudomyrmex_flavidulus","Pseudomyrmex_flavidulus","2"
"Brachymyrmex_depilis","Brachymyrmex_depilis","2"
"Myrmelachista_flavocotea","Myrmelachista_flavocotea","2"
"Lasius_latipes","Lasius_latipes","1"
"Lasius_claviger","Lasius_claviger","1"
"Lasius_subumbratus","Lasius_subumbratus","1"
"Lasius_californicus","Lasius_californicus","1"
"Lasius_neoniger","Lasius_neoniger","1"
"Lasius_lasioides","Lasius_lasioides","1"
"Lasius_brunneus","Lasius_brunneus","1"
"Lasius_cinereus","Lasius_cinereus","1"
"Lasius_grandis","Lasius_grandis","1"
"Lasius_emarginatus","Lasius_emarginatus","1"
"Lasius_niger","Lasius_niger","1"
"Lasius_platythorax","Lasius_platythorax","1"
"Lasius_psammophilus","Lasius_psammophilus","1"
"Myrmecocystus_mexicanus","Myrmecocystus_mexicanus","1"
"Myrmecocystus_navajo","Myrmecocystus_navajo","1"
"Myrmecocystus_testaceus","Myrmecocystus_testaceus","1"
"Myrmecocystus_arenarius","Myrmecocystus_arenarius","1"
"Myrmecocystus_lugubris","Myrmecocystus_lugubris","1"
"Myrmecocystus_creightoni","Myrmecocystus_creightoni","1"
"Myrmecocystus_mimicus","Myrmecocystus_mimicus","1"
"Myrmecocystus_flaviceps","Myrmecocystus_flaviceps","1"
"Myrmecocystus_mendax","Myrmecocystus_mendax","1"
"Myrmecocystus_kathjuli","Myrmecocystus_kathjuli","1"
"Myrmecocystus_wheeleri","Myrmecocystus_wheeleri","1"
"Myrmecocystus_melliger","Myrmecocystus_melliger","1"
"Myrmecocystus_semirufus","Myrmecocystus_semirufus","1"
"Myrmecocystus_placodops","Myrmecocystus_placodops","1"
"Myrmecocystus_depilis","Myrmecocystus_depilis","1"
"Myrmecocystus_yuma","Myrmecocystus_yuma","1"
"Myrmecocystus_romainei","Myrmecocystus_romainei","1"
"Myrmecocystus_kennedyi","Myrmecocystus_kennedyi","1"
"Zatania_gloriosa","Zatania_gloriosa","2"
"Zatania_albimaculata","Zatania_albimaculata","2"
"Zatania_gibberosa","Zatania_gibberosa","2"
"Prenolepis_imparis","Prenolepis_imparis","1"
"Prenolepis_nitens","Prenolepis_nitens","1"
"Paraparatrechina_concinnata","Paraparatrechina_concinnata","2"
"Paraparatrechina_weissi","Paraparatrechina_weissi","2"
"Paraparatrechina_glabra","Paraparatrechina_glabra","2"
"Paraparatrechina_pallida","Paraparatrechina_pallida","2"
"Paraparatrechina_oceanica","Paraparatrechina_oceanica","2"
"Paraparatrechina_minutula","Paraparatrechina_minutula","2"
"Pseudolasius_australis","Pseudolasius_australis","1"
"Euprenolepis_wittei","Euprenolepis_wittei","1"
"Euprenolepis_procera","Euprenolepis_procera","1"
"Paratrechina_zanjensis","Paratrechina_zanjensis","2"
"Paratrechina_antsingy","Paratrechina_antsingy","2"
"Nylanderia_dodo","Nylanderia_dodo","1"
"Nylanderia_amblyops","Nylanderia_amblyops","1"
"Nylanderia_madagascarensis","Nylanderia_madagascarensis","1"
"Nylanderia_glabrior","Nylanderia_glabrior","1"
"Nylanderia_obscura","Nylanderia_obscura","1"
"Nylanderia_nuggeti","Nylanderia_nuggeti","1"
"Nylanderia_vitiensis","Nylanderia_vitiensis","1"
"Nylanderia_parvula","Nylanderia_parvula","1"
"Nylanderia_hystrix","Nylanderia_hystrix","1"
"Nylanderia_terricola","Nylanderia_terricola","1"
"Nylanderia_arenivaga","Nylanderia_arenivaga","1"
"Nylanderia_phantasma","Nylanderia_phantasma","1"
"Nylanderia_wojciki","Nylanderia_wojciki","1"
"Nylanderia_faisonensis","Nylanderia_faisonensis","1"
"Nylanderia_concinna","Nylanderia_concinna","1"
"Notostigma_carazzii","Notostigma_carazzii","1"
"Melophorus_CASENT0106148","Melophorus_CASENT0106148","1"
"Lasiophanes_atriventris","Lasiophanes_atriventris","2"
"Myrmecorhynchus_emeryi","Myrmecorhynchus_emeryi","2"
"Prolasius_convexus","Prolasius_convexus","2"
"Teratomyrmex_greavesi","Teratomyrmex_greavesi","1"
"Pseudonotoncus_hirsutus","Pseudonotoncus_hirsutus","1"
"Notoncus_capitatus","Notoncus_capitatus","1"
"Gesomyrmex_CASENT0106178","Gesomyrmex_CASENT0106178","2"
"Santschiella_kohli","Santschiella_kohli","2"
"Oecophylla_smaragdina","Oecophylla_smaragdina","2"
"Oecophylla_longinoda","Oecophylla_longinoda","2"
"Bajcaridris_theryi","Bajcaridris_theryi","1"
"Proformica_mongolica","Proformica_mongolica","1"
"Proformica_nasuta","Proformica_nasuta","1"
"Cataglyphis_aenescens","Cataglyphis_aenescens","1"
"Cataglyphis_iberica","Cataglyphis_iberica","1"
"Polyergus_breviceps","Polyergus_breviceps","1"
"Iberoformica_subrufa","Iberoformica_subrufa","1"
"Formica_neogagates","Formica_neogagates","1"
"Formica_moki","Formica_moki","1"
"Formica_lasioides","Formica_lasioides","1"
"Formica_clara","Formica_clara","1"
"Formica_japonica","Formica_japonica","1"
"Formica_candida","Formica_candida","1"
"Formica_uralensis","Formica_uralensis","1"
"Formica_fukaii","Formica_fukaii","1"
"Formica_exsectoides","Formica_exsectoides","1"
"Formica_aquilonia","Formica_aquilonia","1"
"Formica_densiventris","Formica_densiventris","1"
"Formica_obscuripes","Formica_obscuripes","1"
"Formica_rufa","Formica_rufa","1"
"Formica_wheeleri","Formica_wheeleri","1"
"Formica_sanguinea","Formica_sanguinea","1"
"Formica_aserva","Formica_aserva","1"
"Formica_subintegra","Formica_subintegra","1"
"Formica_fusca","Formica_fusca","1"
"Formica_gagatoides","Formica_gagatoides","1"
"Formica_subsericea","Formica_subsericea","1"
"Formica_glacialis","Formica_glacialis","1"
"Formica_subaenescens","Formica_subaenescens","1"
"Petalomyrmex_phylax","Petalomyrmex_phylax","2"
"Aphomomyrmex_afer","Aphomomyrmex_afer","2"
"Acropyga_acutiventris","Acropyga_acutiventris","1"
"Acropyga_epedana","Acropyga_epedana","1"
"Lepisiota_canescens","Lepisiota_canescens","2"
"Plagiolepis_madecassa","Plagiolepis_madecassa","2"
"Gigantiops_destructor","Gigantiops_destructor","1"
"Myrmoteras_williamsi","Myrmoteras_williamsi","1"
"Opisthopsis_haddoni","Opisthopsis_haddoni","2"
"Opisthopsis_respiciens","Opisthopsis_respiciens","2"
"Polyrhachis_equina","Polyrhachis_equina","2"
"Polyrhachis_flavibasis","Polyrhachis_flavibasis","2"
"Polyrhachis_hexacantha","Polyrhachis_hexacantha","2"
"Polyrhachis_semipolita","Polyrhachis_semipolita","2"
"Polyrhachis_ornata","Polyrhachis_ornata","2"
"Polyrhachis_turneri","Polyrhachis_turneri","2"
"Polyrhachis_cupreata","Polyrhachis_cupreata","2"
"Polyrhachis_rufifemur","Polyrhachis_rufifemur","2"
"Polyrhachis_argentosa","Polyrhachis_argentosa","2"
"Polyrhachis_clio","Polyrhachis_clio","2"
"Polyrhachis_ammon","Polyrhachis_ammon","2"
"Polyrhachis_loweryi","Polyrhachis_loweryi","2"
"Polyrhachis_kaipi","Polyrhachis_kaipi","2"
"Polyrhachis_aurea","Polyrhachis_aurea","2"
"Polyrhachis_lata","Polyrhachis_lata","2"
"Polyrhachis_sokolova","Polyrhachis_sokolova","2"
"Polyrhachis_senilis","Polyrhachis_senilis","2"
"Polyrhachis_gab","Polyrhachis_gab","2"
"Polyrhachis_thrinax","Polyrhachis_thrinax","2"
"Polyrhachis_sexspinosa","Polyrhachis_sexspinosa","2"
"Polyrhachis_furcata","Polyrhachis_furcata","2"
"Polyrhachis_mucronata","Polyrhachis_mucronata","2"
"Polyrhachis_armata","Polyrhachis_armata","2"
"Polyrhachis_dives","Polyrhachis_dives","2"
"Polyrhachis_lacteipennis","Polyrhachis_lacteipennis","2"
"Polyrhachis_saevissima","Polyrhachis_saevissima","2"
"Polyrhachis_bicolor","Polyrhachis_bicolor","2"
"Polyrhachis_danum","Polyrhachis_danum","2"
"Polyrhachis_lepida","Polyrhachis_lepida","2"
"Polyrhachis_robsoni","Polyrhachis_robsoni","2"
"Polyrhachis_brevinoda","Polyrhachis_brevinoda","2"
"Polyrhachis_mackayi","Polyrhachis_mackayi","2"
"Polyrhachis_monteithi","Polyrhachis_monteithi","2"
"Polyrhachis_abbreviata","Polyrhachis_abbreviata","2"
"Polyrhachis_boltoni","Polyrhachis_boltoni","2"
"Polyrhachis_olybria","Polyrhachis_olybria","2"
"Polyrhachis_ypsilon","Polyrhachis_ypsilon","2"
"Polyrhachis_lamellidens","Polyrhachis_lamellidens","2"
"Polyrhachis_bihamata","Polyrhachis_bihamata","2"
"Polyrhachis_decemdentata","Polyrhachis_decemdentata","2"
"Polyrhachis_revoili","Polyrhachis_revoili","2"
"Polyrhachis_schlueteri","Polyrhachis_schlueteri","2"
"Polyrhachis_viscosa","Polyrhachis_viscosa","2"
"Polyrhachis_schistacea","Polyrhachis_schistacea","2"
"Polyrhachis_gagates","Polyrhachis_gagates","2"
"Polyrhachis_andromache","Polyrhachis_andromache","2"
"Polyrhachis_foreli","Polyrhachis_foreli","2"
"Polyrhachis_illaudata","Polyrhachis_illaudata","2"
"Polyrhachis_beccarii","Polyrhachis_beccarii","2"
"Polyrhachis_vindex","Polyrhachis_vindex","2"
"Polyrhachis_inermis","Polyrhachis_inermis","2"
"Camponotus_setosus","Camponotus_setosus","2"
"Camponotus_sericeus","Camponotus_sericeus","2"
"Camponotus_concolor","Camponotus_concolor","2"
"Camponotus_nasicus","Camponotus_nasicus","2"
"Camponotus_hildebrandti","Camponotus_hildebrandti","2"
"Camponotus_christi","Camponotus_christi","2"
"Camponotus_heteroclitus","Camponotus_heteroclitus","2"
"Camponotus_mocquerysi","Camponotus_mocquerysi","2"
"Camponotus_perjurus","Camponotus_perjurus","2"
"Colobopsis_vitrea","Colobopsis_vitrea","2"
"Camponotus_posteropilus","Camponotus_posteropilus","2"
"Camponotus_aeneopilosus","Camponotus_aeneopilosus","2"
"Echinopla_australis","Echinopla_australis","2"
"Calomyrmex_laevissimus","Calomyrmex_laevissimus","2"
"Camponotus_nearcticus","Camponotus_nearcticus","2"
"Camponotus_hyatti","Camponotus_hyatti","2"
"Camponotus_ocreatus","Camponotus_ocreatus","2"
"Camponotus_semitestaceus","Camponotus_semitestaceus","2"
"Camponotus_vicinus","Camponotus_vicinus","2"
"Camponotus_clarithorax","Camponotus_clarithorax","2"
"Camponotus_laevigatus","Camponotus_laevigatus","2"
"Camponotus_herculeanus","Camponotus_herculeanus","2"
"Camponotus_pennsylvanicus","Camponotus_pennsylvanicus","2"
"Camponotus_modoc","Camponotus_modoc","2"
"Camponotus_maritimus","Camponotus_maritimus","2"
"Camponotus_quercicola","Camponotus_quercicola","2"
"Camponotus_americanus","Camponotus_americanus","2"
"Camponotus_castaneus","Camponotus_castaneus","2"
"Camponotus_hartogi","Camponotus_hartogi","2"
"Camponotus_thadeus","Camponotus_thadeus","2"
"Camponotus_scotti","Camponotus_scotti","2"
"Camponotus_mussolinii","Camponotus_mussolinii","2"
"Camponotus_claripes","Camponotus_claripes","2"
"Camponotus_gibbinotus","Camponotus_gibbinotus","2"
"Camponotus_consobrinus","Camponotus_consobrinus","2"
"Camponotus_prostans","Camponotus_prostans","2"
"Camponotus_nigriceps","Camponotus_nigriceps","2"
"Camponotus_discors","Camponotus_discors","2"
"Camponotus_rufus","Camponotus_rufus","2"
"Camponotus_johnclarki","Camponotus_johnclarki","2"
"Camponotus_tricoloratus","Camponotus_tricoloratus","2"
"Camponotus_intrepidus","Camponotus_intrepidus","2"
"Camponotus_dromas","Camponotus_dromas","2"
"Camponotus_pawseyi","Camponotus_pawseyi","2"
"Camponotus_gouldianus","Camponotus_gouldianus","2"
"Camponotus_terebrans","Camponotus_terebrans","2"
"Camponotus_wiederkehri","Camponotus_wiederkehri","2"
"Camponotus_aurocinctus","Camponotus_aurocinctus","2"
"Camponotus_prosseri","Camponotus_prosseri","2"
"Camponotus_densopilus","Camponotus_densopilus","2"
"Camponotus_whitei","Camponotus_whitei","2"
"Camponotus_aurosus","Camponotus_aurosus","2"
"Camponotus_loweryi","Camponotus_loweryi","2"
"Camponotus_fieldeae","Camponotus_fieldeae","2"
"Camponotus_novaehollandiae","Camponotus_novaehollandiae","2"
"Camponotus_humilior","Camponotus_humilior","2"
"Camponotus_renggeri","Camponotus_renggeri","2"
"Camponotus_rufipes","Camponotus_rufipes","2"
"Camponotus_tortuganus","Camponotus_tortuganus","2"
"Camponotus_dimorphus","Camponotus_dimorphus","2"
"Camponotus_albicoxis","Camponotus_albicoxis","2"
"Camponotus_novogranadensis","Camponotus_novogranadensis","2"
"Camponotus_integellus","Camponotus_integellus","2"
"Camponotus_sanctaefidei","Camponotus_sanctaefidei","2"
"Camponotus_latangulus","Camponotus_latangulus","2"
"Camponotus_claviscapus","Camponotus_claviscapus","2"
"Camponotus_dufouri","Camponotus_dufouri","2"
"Camponotus_hagensii","Camponotus_hagensii","2"
"Camponotus_quadrimaculatus","Camponotus_quadrimaculatus","2"
"Camponotus_roeseli","Camponotus_roeseli","2"
"Camponotus_gouldi","Camponotus_gouldi","2"
"Camponotus_imitator","Camponotus_imitator","2"
"Camponotus_hova","Camponotus_hova","2"
"Camponotus_parius","Camponotus_parius","2"
"Camponotus_grandidieri","Camponotus_grandidieri","2"
"Camponotus_echinoploides","Camponotus_echinoploides","2"
"Camponotus_edmondi","Camponotus_edmondi","2"
"Camponotus_ellioti","Camponotus_ellioti","2"
"Camponotus_ethicus","Camponotus_ethicus","2"
"Camponotus_repens","Camponotus_repens","2"
"Camponotus_nossibeensis","Camponotus_nossibeensis","2"
"Camponotus_darwinii","Camponotus_darwinii","2"
"Camponotus_voeltzkowii","Camponotus_voeltzkowii","2"
"Camponotus_robustus","Camponotus_robustus","2"
"Heteroponera_microps","Heteroponera_microps","2"
"Acanthoponera_minor","Acanthoponera_minor","2"
"Heteroponera_panamensis","Heteroponera_panamensis","2"
"Typhlomyrmex_rogenhoferi","Typhlomyrmex_rogenhoferi","1"
"Gnamptogenys_striatula","Gnamptogenys_striatula","2"
"Ectatomma_vizottoi","Ectatomma_vizottoi","1"
"Ectatomma_tuberculatum","Ectatomma_tuberculatum","1"
"Ectatomma_parasiticum","Ectatomma_parasiticum","1"
"Ectatomma_edentatum","Ectatomma_edentatum","1"
"Ectatomma_brunneum","Ectatomma_brunneum","1"
"Ectatomma_gibbum","Ectatomma_gibbum","1"
"Ectatomma_opaciventre","Ectatomma_opaciventre","1"
"Ectatomma_permagnum","Ectatomma_permagnum","1"
"Ectatomma_lugens","Ectatomma_lugens","1"
"Manica_rubida","Manica_rubida","1"
"Manica_invidia","Manica_invidia","1"
"Manica_bradleyi","Manica_bradleyi","1"
"Myrmica_serica","Myrmica_serica","1"
"Myrmica_wheeleri","Myrmica_wheeleri","1"
"Myrmica_rupestris","Myrmica_rupestris","1"
"Myrmica_aimonissabaudiae","Myrmica_aimonissabaudiae","1"
"Myrmica_ruginodis","Myrmica_ruginodis","1"
"Myrmica_punctiventris","Myrmica_punctiventris","1"
"Myrmica_alaskensis","Myrmica_alaskensis","1"
"Myrmica_incompleta","Myrmica_incompleta","1"
"Myrmica_rugiventris","Myrmica_rugiventris","1"
"Myrmica_punctinops","Myrmica_punctinops","1"
"Myrmica_salina","Myrmica_salina","1"
"Myrmica_karavajevi","Myrmica_karavajevi","1"
"Myrmica_rugulosa","Myrmica_rugulosa","1"
"Myrmica_hellenica","Myrmica_hellenica","1"
"Myrmica_tulinae","Myrmica_tulinae","1"
"Myrmica_scabrinodis","Myrmica_scabrinodis","1"
"Myrmica_vandeli","Myrmica_vandeli","1"
"Myrmica_aloba","Myrmica_aloba","1"
"Myrmica_hirsuta","Myrmica_hirsuta","1"
"Myrmica_sabuleti","Myrmica_sabuleti","1"
"Myrmica_schencki","Myrmica_schencki","1"
"Myrmica_kasczenkoi","Myrmica_kasczenkoi","1"
"Myrmica_crassirugis","Myrmica_crassirugis","1"
"Myrmica_latifrons","Myrmica_latifrons","1"
"Myrmica_monticola","Myrmica_monticola","1"
"Myrmica_discontinua","Myrmica_discontinua","1"
"Myrmica_tahoensis","Myrmica_tahoensis","1"
"Myrmica_lobifrons","Myrmica_lobifrons","1"
"Myrmica_fracticornis","Myrmica_fracticornis","1"
"Myrmica_hamulata","Myrmica_hamulata","1"
"Myrmica_striolagaster","Myrmica_striolagaster","1"
"Myrmica_americana","Myrmica_americana","1"
"Myrmica_brevispinosa","Myrmica_brevispinosa","1"
"Myrmica_sulcinodis","Myrmica_sulcinodis","1"
"Myrmica_lobicornis","Myrmica_lobicornis","1"
"Myrmica_anatolica","Myrmica_anatolica","1"
"Myrmica_angulinodis","Myrmica_angulinodis","1"
"Hylomyrma_dentiloba","Hylomyrma_dentiloba","1"
"Hylomyrma_balzani","Hylomyrma_balzani","1"
"Hylomyrma_blandiens","Hylomyrma_blandiens","1"
"Pogonomyrmex_mayri","Pogonomyrmex_mayri","1"
"Pogonomyrmex_striatinodus","Pogonomyrmex_striatinodus","1"
"Pogonomyrmex_naegelii","Pogonomyrmex_naegelii","1"
"Pogonomyrmex_abdominalis","Pogonomyrmex_abdominalis","1"
"Pogonomyrmex_cunicularius","Pogonomyrmex_cunicularius","1"
"Pogonomyrmex_brevibarbis","Pogonomyrmex_brevibarbis","1"
"Pogonomyrmex_schmitti","Pogonomyrmex_schmitti","1"
"Pogonomyrmex_saucius","Pogonomyrmex_saucius","1"
"Pogonomyrmex_humerotumidus","Pogonomyrmex_humerotumidus","1"
"Pogonomyrmex_guatemaltecus","Pogonomyrmex_guatemaltecus","1"
"Pogonomyrmex_pima","Pogonomyrmex_pima","1"
"Pogonomyrmex_imberbiculus","Pogonomyrmex_imberbiculus","1"
"Pogonomyrmex_laevinodis","Pogonomyrmex_laevinodis","1"
"Pogonomyrmex_huachucanus","Pogonomyrmex_huachucanus","1"
"Pogonomyrmex_pronotalis","Pogonomyrmex_pronotalis","1"
"Pogonomyrmex_rastratus","Pogonomyrmex_rastratus","1"
"Pogonomyrmex_vermiculatus","Pogonomyrmex_vermiculatus","1"
"Pogonomyrmex_bispinosus","Pogonomyrmex_bispinosus","1"
"Pogonomyrmex_lobatus","Pogonomyrmex_lobatus","1"
"Pogonomyrmex_coarctatus","Pogonomyrmex_coarctatus","1"
"Pogonomyrmex_uruguayensis","Pogonomyrmex_uruguayensis","1"
"Pogonomyrmex_laticeps","Pogonomyrmex_laticeps","1"
"Pogonomyrmex_mendozanus","Pogonomyrmex_mendozanus","1"
"Pogonomyrmex_magnacanthus","Pogonomyrmex_magnacanthus","1"
"Pogonomyrmex_occidentalis","Pogonomyrmex_occidentalis","1"
"Pogonomyrmex_subdentatus","Pogonomyrmex_subdentatus","1"
"Pogonomyrmex_subnitidus","Pogonomyrmex_subnitidus","1"
"Pogonomyrmex_tenuispinus","Pogonomyrmex_tenuispinus","1"
"Pogonomyrmex_hoelldobleri","Pogonomyrmex_hoelldobleri","1"
"Pogonomyrmex_brevispinosus","Pogonomyrmex_brevispinosus","1"
"Pogonomyrmex_mohavensis","Pogonomyrmex_mohavensis","1"
"Pogonomyrmex_anzensis","Pogonomyrmex_anzensis","1"
"Pogonomyrmex_rugosus","Pogonomyrmex_rugosus","1"
"Pogonomyrmex_barbatus","Pogonomyrmex_barbatus","1"
"Pogonomyrmex_desertorum","Pogonomyrmex_desertorum","1"
"Pogonomyrmex_badius","Pogonomyrmex_badius","1"
"Pogonomyrmex_maricopa","Pogonomyrmex_maricopa","1"
"Pogonomyrmex_comanche","Pogonomyrmex_comanche","1"
"Pogonomyrmex_californicus","Pogonomyrmex_californicus","1"
"Veromessor_andrei","Veromessor_andrei","1"
"Veromessor_julianus","Veromessor_julianus","1"
"Veromessor_pergandei","Veromessor_pergandei","1"
"Novomessor_ensifer","Novomessor_ensifer","1"
"Novomessor_albisetosus","Novomessor_albisetosus","1"
"Novomessor_cockerelli","Novomessor_cockerelli","1"
"Stenamma_expolitum","Stenamma_expolitum","1"
"Stenamma_schmidti","Stenamma_schmidti","1"
"Stenamma_huachucanum","Stenamma_huachucanum","1"
"Stenamma_diversum","Stenamma_diversum","1"
"Stenamma_manni","Stenamma_manni","1"
"Stenamma_felixi","Stenamma_felixi","1"
"Stenamma_striatulum","Stenamma_striatulum","1"
"Stenamma_debile","Stenamma_debile","1"
"Stenamma_wheelerorum","Stenamma_wheelerorum","1"
"Stenamma_nipponense","Stenamma_nipponense","1"
"Stenamma_schmittii","Stenamma_schmittii","1"
"Stenamma_snellingi","Stenamma_snellingi","1"
"Stenamma_foveolocephalum","Stenamma_foveolocephalum","1"
"Stenamma_meridionale","Stenamma_meridionale","1"
"Stenamma_impar","Stenamma_impar","1"
"Stenamma_chiricahua","Stenamma_chiricahua","1"
"Stenamma_smithi","Stenamma_smithi","1"
"Stenamma_punctatoventre","Stenamma_punctatoventre","1"
"Stenamma_diecki","Stenamma_diecki","1"
"Stenamma_exasperatum","Stenamma_exasperatum","1"
"Stenamma_heathi","Stenamma_heathi","1"
"Stenamma_dyscheres","Stenamma_dyscheres","1"
"Stenamma_sequoiarum","Stenamma_sequoiarum","1"
"Aphaenogaster_swammerdami","Aphaenogaster_swammerdami","1"
"Aphaenogaster_pythia","Aphaenogaster_pythia","1"
"Aphaenogaster_araneoides","Aphaenogaster_araneoides","1"
"Goniomma_hispanicum","Goniomma_hispanicum","1"
"Goniomma_blanci","Goniomma_blanci","1"
"Oxyopomyrmex_saulcyi","Oxyopomyrmex_saulcyi","1"
"Aphaenogaster_senilis","Aphaenogaster_senilis","1"
"Aphaenogaster_balcanica","Aphaenogaster_balcanica","1"
"Messor_denticornis","Messor_denticornis","1"
"Messor_capitatus","Messor_capitatus","1"
"Messor_bouvieri","Messor_bouvieri","1"
"Messor_minor","Messor_minor","1"
"Messor_wasmanni","Messor_wasmanni","1"
"Aphaenogaster_occidentalis","Aphaenogaster_occidentalis","1"
"Aphaenogaster_umphreyi","Aphaenogaster_umphreyi","1"
"Aphaenogaster_fulva","Aphaenogaster_fulva","1"
"Aphaenogaster_tennesseensis","Aphaenogaster_tennesseensis","1"
"Aphaenogaster_mariae","Aphaenogaster_mariae","1"
"Aphaenogaster_patruelis","Aphaenogaster_patruelis","1"
"Aphaenogaster_megommata","Aphaenogaster_megommata","1"
"Aphaenogaster_boulderensis","Aphaenogaster_boulderensis","1"
"Aphaenogaster_uinta","Aphaenogaster_uinta","1"
"Aphaenogaster_huachucana","Aphaenogaster_huachucana","1"
"Aphaenogaster_floridana","Aphaenogaster_floridana","1"
"Aphaenogaster_flemingi","Aphaenogaster_flemingi","1"
"Aphaenogaster_picea","Aphaenogaster_picea","1"
"Aphaenogaster_treatae","Aphaenogaster_treatae","1"
"Aphaenogaster_ashmeadi","Aphaenogaster_ashmeadi","1"
"Aphaenogaster_lamellidens","Aphaenogaster_lamellidens","1"
"Aphaenogaster_texana","Aphaenogaster_texana","1"
"Aphaenogaster_miamiana","Aphaenogaster_miamiana","1"
"Aphaenogaster_rudis","Aphaenogaster_rudis","1"
"Aphaenogaster_carolinensis","Aphaenogaster_carolinensis","1"
"Poecilomyrma_myrmecodiae","Poecilomyrma_myrmecodiae","2"
"Rotastruma_recava","Rotastruma_recava","2"
"Rotastruma_stenoceps","Rotastruma_stenoceps","2"
"Gauromyrmex_acanthinus","Gauromyrmex_acanthinus","2"
"Vombisidris_bilongrudi","Vombisidris_bilongrudi","2"
"Formicoxenus_diversipilosus","Formicoxenus_diversipilosus","1"
"Formicoxenus_provancheri","Formicoxenus_provancheri","1"
"Harpagoxenus_sublaevis","Harpagoxenus_sublaevis","1"
"Leptothorax_acervorum","Leptothorax_acervorum","1"
"Temnothorax_poeyi","Temnothorax_poeyi","2"
"Temnothorax_tricarinatus","Temnothorax_tricarinatus","2"
"Temnothorax_rugatulus","Temnothorax_rugatulus","2"
"Temnothorax_kutteri","Temnothorax_kutteri","2"
"Temnothorax_recedens","Temnothorax_recedens","2"
"Temnothorax_unifasciatus","Temnothorax_unifasciatus","2"
"Temnothorax_bernardi","Temnothorax_bernardi","2"
"Terataner_rufipes","Terataner_rufipes","2"
"Terataner_bottegoi","Terataner_bottegoi","2"
"Rhopalomastix_janeti","Rhopalomastix_janeti","2"
"Rhopalomastix_rothneyi","Rhopalomastix_rothneyi","2"
"Melissotarsus_beccarii","Melissotarsus_beccarii","2"
"Melissotarsus_weissi","Melissotarsus_weissi","2"
"Melissotarsus_emeryi","Melissotarsus_emeryi","2"
"Melissotarsus_insularis","Melissotarsus_insularis","2"
"Cyphoidris_exalta","Cyphoidris_exalta","1"
"Kartidris_sparsipila","Kartidris_sparsipila","1"
"Vollenhovia_emeryi","Vollenhovia_emeryi","1"
"Calyptomyrmex_beccarii","Calyptomyrmex_beccarii","1"
"Calyptomyrmex_kaurus","Calyptomyrmex_kaurus","1"
"Tetramorium_scytalum","Tetramorium_scytalum","2"
"Tetramorium_taylori","Tetramorium_taylori","2"
"Tetramorium_venator","Tetramorium_venator","2"
"Tetramorium_validiusculum","Tetramorium_validiusculum","2"
"Tetramorium_sericeiventre","Tetramorium_sericeiventre","2"
"Tetramorium_tosii","Tetramorium_tosii","2"
"Tetramorium_impurum","Tetramorium_impurum","2"
"Tetramorium_caespitum","Tetramorium_caespitum","2"
"Strongylognathus_testaceus","Strongylognathus_testaceus","2"
"Tetramorium_atratulum","Tetramorium_atratulum","2"
"Tetramorium_kutteri","Tetramorium_kutteri","2"
"Tetramorium_transversinode","Tetramorium_transversinode","2"
"Tetramorium_anodontion","Tetramorium_anodontion","2"
"Tetramorium_delagoense","Tetramorium_delagoense","2"
"Tetramorium_valky","Tetramorium_valky","2"
"Tetramorium_plesiarum","Tetramorium_plesiarum","2"
"Tetramorium_bessonii","Tetramorium_bessonii","2"
"Tetramorium_pleganon","Tetramorium_pleganon","2"
"Tetramorium_kelleri","Tetramorium_kelleri","2"
"Tetramorium_ibycterum","Tetramorium_ibycterum","2"
"Tetramorium_dalek","Tetramorium_dalek","2"
"Tetramorium_ranarum","Tetramorium_ranarum","2"
"Tetramorium_alperti","Tetramorium_alperti","2"
"Tetramorium_severini","Tetramorium_severini","2"
"Tetramorium_cognatum","Tetramorium_cognatum","2"
"Tetramorium_sikorae","Tetramorium_sikorae","2"
"Tetramorium_proximum","Tetramorium_proximum","2"
"Tetramorium_rumo","Tetramorium_rumo","2"
"Tetramorium_mackae","Tetramorium_mackae","2"
"Tetramorium_hobbit","Tetramorium_hobbit","2"
"Tetramorium_bonibony","Tetramorium_bonibony","2"
"Tetramorium_popell","Tetramorium_popell","2"
"Tetramorium_andrei","Tetramorium_andrei","2"
"Tetramorium_electrum","Tetramorium_electrum","2"
"Tetramorium_norvigi","Tetramorium_norvigi","2"
"Tetramorium_malagasy","Tetramorium_malagasy","2"
"Tetramorium_steinheili","Tetramorium_steinheili","2"
"Tetramorium_ambatovy","Tetramorium_ambatovy","2"
"Tetramorium_spinosum","Tetramorium_spinosum","2"
"Tetramorium_hispidum","Tetramorium_hispidum","2"
"Proatta_butteli","Proatta_butteli","1"
"Dacatria_templaris","Dacatria_templaris","1"
"Tetheamyrma_subspongia","Tetheamyrma_subspongia","1"
"Mayriella_transfuga","Mayriella_transfuga","1"
"Mayriella_ebbei","Mayriella_ebbei","1"
"Myrmecina_americana","Myrmecina_americana","1"
"Myrmecina_graminicola","Myrmecina_graminicola","1"
"Acanthomyrmex_ferox","Acanthomyrmex_ferox","1"
"Lordomyrma_epinotalis","Lordomyrma_epinotalis","1"
"Propodilobus_pingorum","Propodilobus_pingorum","1"
"Lordomyrma_reticulata","Lordomyrma_reticulata","1"
"Lordomyrma_vanua","Lordomyrma_vanua","1"
"Lordomyrma_vuda","Lordomyrma_vuda","1"
"Lordomyrma_striatella","Lordomyrma_striatella","1"
"Lordomyrma_stoneri","Lordomyrma_stoneri","1"
"Lordomyrma_desupra","Lordomyrma_desupra","1"
"Lordomyrma_rugosa","Lordomyrma_rugosa","1"
"Lordomyrma_curvata","Lordomyrma_curvata","1"
"Adlerzia_froggatti","Adlerzia_froggatti","1"
"Lophomyrmex_ambiguus","Lophomyrmex_ambiguus","1"
"Perissomyrmex_snyderi","Perissomyrmex_snyderi","1"
"Pristomyrmex_orbiceps","Pristomyrmex_orbiceps","2"
"Trichomyrmex_robustior","Trichomyrmex_robustior","2"
"Trichomyrmex_mayri","Trichomyrmex_mayri","2"
"Huberia_striata","Huberia_striata","1"
"Huberia_brounii","Huberia_brounii","1"
"Podomyrma_silvicola","Podomyrma_silvicola","2"
"Liomyrmex_gestroi","Liomyrmex_gestroi","1"
"Metapone_madagascarica","Metapone_madagascarica","1"
"Eutetramorium_monticellii","Eutetramorium_monticellii","1"
"Eutetramorium_mocquerysi","Eutetramorium_mocquerysi","1"
"Royidris_anxietas","Royidris_anxietas","1"
"Royidris_notorthotenes","Royidris_notorthotenes","1"
"Royidris_longiseta","Royidris_longiseta","1"
"Malagidris_jugum","Malagidris_jugum","1"
"Malagidris_belti","Malagidris_belti","1"
"Vitsika_suspicax","Vitsika_suspicax","2"
"Diplomorium_longipenne","Diplomorium_longipenne","1"
"Carebara_vidua","Carebara_vidua","1"
"Carebara_nosindambo","Carebara_nosindambo","1"
"Carebara_alperti","Carebara_alperti","1"
"Carebara_urichi","Carebara_urichi","1"
"Carebara_affinis","Carebara_affinis","1"
"Atopomyrmex_mocquerysi","Atopomyrmex_mocquerysi","2"
"Cataulacus_porcatus","Cataulacus_porcatus","2"
"Cataulacus_hispidulus","Cataulacus_hispidulus","2"
"Cataulacus_voeltzkowi","Cataulacus_voeltzkowi","2"
"Cataulacus_ebrardi","Cataulacus_ebrardi","2"
"Ocymyrmex_picardi","Ocymyrmex_picardi","1"
"Xenomyrmex_floridanus","Xenomyrmex_floridanus","2"
"Nesomyrmex_madecassus","Nesomyrmex_madecassus","2"
"Nesomyrmex_echinatinodis","Nesomyrmex_echinatinodis","2"
"Nesomyrmex_wilda","Nesomyrmex_wilda","2"
"Cardiocondyla_paradoxa","Cardiocondyla_paradoxa","1"
"Cardiocondyla_thoracica","Cardiocondyla_thoracica","1"
"Cardiocondyla_nigrocerea","Cardiocondyla_nigrocerea","1"
"Cardiocondyla_nuda","Cardiocondyla_nuda","1"
"Cardiocondyla_atalanta","Cardiocondyla_atalanta","1"
"Cardiocondyla_batesii","Cardiocondyla_batesii","1"
"Cardiocondyla_elegans","Cardiocondyla_elegans","1"
"Cardiocondyla_sahlbergi","Cardiocondyla_sahlbergi","1"
"Cardiocondyla_bulgarica","Cardiocondyla_bulgarica","1"
"Meranoplus_mayri","Meranoplus_mayri","1"
"Meranoplus_radamae","Meranoplus_radamae","1"
"Meranoplus_castaneus","Meranoplus_castaneus","1"
"Crematogaster_emeryi","Crematogaster_emeryi","2"
"Crematogaster_paradoxa","Crematogaster_paradoxa","2"
"Crematogaster_mesonotalis","Crematogaster_mesonotalis","2"
"Crematogaster_aculeata","Crematogaster_aculeata","2"
"Crematogaster_baduvi","Crematogaster_baduvi","2"
"Crematogaster_reticulata","Crematogaster_reticulata","2"
"Crematogaster_flavomicrops","Crematogaster_flavomicrops","2"
"Crematogaster_sumichrasti","Crematogaster_sumichrasti","2"
"Crematogaster_longipilosa","Crematogaster_longipilosa","2"
"Crematogaster_binghamii","Crematogaster_binghamii","2"
"Crematogaster_osakensis","Crematogaster_osakensis","2"
"Crematogaster_mpanjono","Crematogaster_mpanjono","2"
"Crematogaster_volamena","Crematogaster_volamena","2"
"Crematogaster_razana","Crematogaster_razana","2"
"Crematogaster_madecassa","Crematogaster_madecassa","2"
"Crematogaster_telolafy","Crematogaster_telolafy","2"
"Crematogaster_tenuicula","Crematogaster_tenuicula","2"
"Crematogaster_quadriformis","Crematogaster_quadriformis","2"
"Crematogaster_torosa","Crematogaster_torosa","2"
"Crematogaster_longispina","Crematogaster_longispina","2"
"Crematogaster_nigropilosa","Crematogaster_nigropilosa","2"
"Crematogaster_victima","Crematogaster_victima","2"
"Crematogaster_corvina","Crematogaster_corvina","2"
"Crematogaster_formosa","Crematogaster_formosa","2"
"Crematogaster_arcuata","Crematogaster_arcuata","2"
"Crematogaster_acuta","Crematogaster_acuta","2"
"Crematogaster_rothneyi","Crematogaster_rothneyi","2"
"Crematogaster_ampullaris","Crematogaster_ampullaris","2"
"Crematogaster_modiglianii","Crematogaster_modiglianii","2"
"Crematogaster_subcircularis","Crematogaster_subcircularis","2"
"Crematogaster_onusta","Crematogaster_onusta","2"
"Crematogaster_inflata","Crematogaster_inflata","2"
"Crematogaster_coriaria","Crematogaster_coriaria","2"
"Crematogaster_borneensis","Crematogaster_borneensis","2"
"Crematogaster_decamera","Crematogaster_decamera","2"
"Crematogaster_fruhstorferi","Crematogaster_fruhstorferi","2"
"Crematogaster_mjobergi","Crematogaster_mjobergi","2"
"Crematogaster_weberi","Crematogaster_weberi","2"
"Crematogaster_tetracantha","Crematogaster_tetracantha","2"
"Crematogaster_dahlii","Crematogaster_dahlii","2"
"Crematogaster_meijerei","Crematogaster_meijerei","2"
"Crematogaster_stadelmanni","Crematogaster_stadelmanni","2"
"Crematogaster_aberrans","Crematogaster_aberrans","2"
"Crematogaster_santschii","Crematogaster_santschii","2"
"Crematogaster_agnetis","Crematogaster_agnetis","2"
"Crematogaster_ranavalonae","Crematogaster_ranavalonae","2"
"Crematogaster_irritabilis","Crematogaster_irritabilis","2"
"Crematogaster_obnigra","Crematogaster_obnigra","2"
"Crematogaster_sagei","Crematogaster_sagei","2"
"Crematogaster_treubi","Crematogaster_treubi","2"
"Crematogaster_fraxatrix","Crematogaster_fraxatrix","2"
"Crematogaster_flava","Crematogaster_flava","2"
"Crematogaster_flaviventris","Crematogaster_flaviventris","2"
"Crematogaster_castanea","Crematogaster_castanea","2"
"Crematogaster_lobata","Crematogaster_lobata","2"
"Crematogaster_sewellii","Crematogaster_sewellii","2"
"Crematogaster_degeeri","Crematogaster_degeeri","2"
"Crematogaster_emeryana","Crematogaster_emeryana","2"
"Crematogaster_pilosa","Crematogaster_pilosa","2"
"Crematogaster_navajoa","Crematogaster_navajoa","2"
"Crematogaster_coarctata","Crematogaster_coarctata","2"
"Crematogaster_marioni","Crematogaster_marioni","2"
"Crematogaster_opaca","Crematogaster_opaca","2"
"Crematogaster_isolata","Crematogaster_isolata","2"
"Crematogaster_ionia","Crematogaster_ionia","2"
"Crematogaster_auberti","Crematogaster_auberti","2"
"Crematogaster_dentinodis","Crematogaster_dentinodis","2"
"Crematogaster_madagascariensis","Crematogaster_madagascariensis","2"
"Crematogaster_hazolava","Crematogaster_hazolava","2"
"Crematogaster_kelleri","Crematogaster_kelleri","2"
"Crematogaster_hafahafa","Crematogaster_hafahafa","2"
"Crematogaster_wellmani","Crematogaster_wellmani","2"
"Crematogaster_lango","Crematogaster_lango","2"
"Crematogaster_liengmei","Crematogaster_liengmei","2"
"Crematogaster_sabatra","Crematogaster_sabatra","2"
"Crematogaster_mahery","Crematogaster_mahery","2"
"Crematogaster_malala","Crematogaster_malala","2"
"Crematogaster_grevei","Crematogaster_grevei","2"
"Crematogaster_nosibeensis","Crematogaster_nosibeensis","2"
"Crematogaster_sisa","Crematogaster_sisa","2"
"Rogeria_stigmatica","Rogeria_stigmatica","2"
"Dolopomyrmex_pilatus","Dolopomyrmex_pilatus","1"
"Rogeria_nevadensis","Rogeria_nevadensis","2"
"Megalomyrmex_foreli","Megalomyrmex_foreli","1"
"Megalomyrmex_silvestrii","Megalomyrmex_silvestrii","1"
"Oxyepoecus_vezenyii","Oxyepoecus_vezenyii","1"
"Austromorium_flavigaster","Austromorium_flavigaster","1"
"Monomorium_decuria","Monomorium_decuria","1"
"Monomorium_gilberti","Monomorium_gilberti","1"
"Monomorium_rubriceps","Monomorium_rubriceps","1"
"Monomorium_albipes","Monomorium_albipes","1"
"Monomorium_antarcticum","Monomorium_antarcticum","1"
"Monomorium_sculpturatum","Monomorium_sculpturatum","1"
"Monomorium_leae","Monomorium_leae","1"
"Monomorium_kiliani","Monomorium_kiliani","1"
"Monomorium_euryodon","Monomorium_euryodon","1"
"Monomorium_tambourinense","Monomorium_tambourinense","1"
"Monomorium_insolescens","Monomorium_insolescens","1"
"Monomorium_centrale","Monomorium_centrale","1"
"Monomorium_bifidum","Monomorium_bifidum","1"
"Monomorium_legulum","Monomorium_legulum","1"
"Monomorium_longinode","Monomorium_longinode","1"
"Monomorium_striatifrons","Monomorium_striatifrons","1"
"Monomorium_whitei","Monomorium_whitei","1"
"Monomorium_bicorne","Monomorium_bicorne","1"
"Kempfidris_inusualis","Kempfidris_inusualis","1"
"Epelysidris_brocha","Epelysidris_brocha","1"
"Tyrannomyrmex_legatus","Tyrannomyrmex_legatus","1"
"Cryptomyrmex_boltoni","Cryptomyrmex_boltoni","1"
"Adelomyrmex_paratristani","Adelomyrmex_paratristani","1"
"Baracidris_sitra","Baracidris_sitra","1"
"Syllophopsis_ferodens","Syllophopsis_ferodens","1"
"Syllophopsis_hildebrandti","Syllophopsis_hildebrandti","1"
"Syllophopsis_fisheri","Syllophopsis_fisheri","1"
"Monomorium_hanneli","Monomorium_hanneli","1"
"Myrmicaria_exigua","Myrmicaria_exigua","1"
"Myrmicaria_carinata","Myrmicaria_carinata","1"
"Myrmicaria_brunnea","Myrmicaria_brunnea","1"
"Monomorium_chnodes","Monomorium_chnodes","1"
"Monomorium_termitobium","Monomorium_termitobium","1"
"Monomorium_madecassum","Monomorium_madecassum","1"
"Monomorium_ergatogyna","Monomorium_ergatogyna","1"
"Monomorium_laeve","Monomorium_laeve","1"
"Monomorium_fieldi","Monomorium_fieldi","1"
"Monomorium_rothsteini","Monomorium_rothsteini","1"
"Monomorium_sordidum","Monomorium_sordidum","1"
"Monomorium_antipodum","Monomorium_antipodum","1"
"Monomorium_aithoderum","Monomorium_aithoderum","1"
"Monomorium_stictonotum","Monomorium_stictonotum","1"
"Monomorium_lepidum","Monomorium_lepidum","1"
"Monomorium_exiguum","Monomorium_exiguum","1"
"Monomorium_sakalavum","Monomorium_sakalavum","1"
"Monomorium_denticulum","Monomorium_denticulum","1"
"Monomorium_xuthosoma","Monomorium_xuthosoma","1"
"Monomorium_micrommaton","Monomorium_micrommaton","1"
"Monomorium_cyaneum","Monomorium_cyaneum","1"
"Monomorium_emarginatum","Monomorium_emarginatum","1"
"Monomorium_fastidium","Monomorium_fastidium","1"
"Tranopelta_gilva","Tranopelta_gilva","1"
"Tranopelta_subterranea","Tranopelta_subterranea","1"
"Ochetomyrmex_neopolitus","Ochetomyrmex_neopolitus","1"
"Ochetomyrmex_semipolitus","Ochetomyrmex_semipolitus","1"
"Diaphoromyrma_sofiae","Diaphoromyrma_sofiae","1"
"Lachnomyrmex_scrobiculatus","Lachnomyrmex_scrobiculatus","1"
"Blepharidatta_conops","Blepharidatta_conops","1"
"Allomerus_octoarticulatus","Allomerus_octoarticulatus","2"
"Acanthognathus_ocellatus","Acanthognathus_ocellatus","1"
"Daceton_armigerum","Daceton_armigerum","2"
"Lenomyrmex_colwelli","Lenomyrmex_colwelli","2"
"Microdaceton_tibialis","Microdaceton_tibialis","1"
"Orectognathus_versicolor","Orectognathus_versicolor","1"
"Colobostruma_unicorna","Colobostruma_unicorna","1"
"Mesostruma_browni","Mesostruma_browni","1"
"Epopostruma_monstrosa","Epopostruma_monstrosa","1"
"Mycocepurus_goeldii","Mycocepurus_goeldii","1"
"Apterostigma_auriculatum","Apterostigma_auriculatum","1"
"Apterostigma_collare","Apterostigma_collare","1"
"Apterostigma_manni","Apterostigma_manni","1"
"Apterostigma_dentigerum","Apterostigma_dentigerum","1"
"Apterostigma_pilosum","Apterostigma_pilosum","1"
"Myrmicocrypta_buenzlii","Myrmicocrypta_buenzlii","1"
"Kalathomyrmex_emeryi","Kalathomyrmex_emeryi","1"
"Cyatta_abscondita","Cyatta_abscondita","1"
"Mycetosoritis_hartmanni","Mycetosoritis_hartmanni","1"
"Cyphomyrmex_cornutus","Cyphomyrmex_cornutus","1"
"Cyphomyrmex_minutus","Cyphomyrmex_minutus","1"
"Sericomyrmex_parvulus","Sericomyrmex_parvulus","2"
"Trachymyrmex_zeteki","Trachymyrmex_zeteki","2"
"Trachymyrmex_jamaicensis","Trachymyrmex_jamaicensis","2"
"Trachymyrmex_opulentus","Trachymyrmex_opulentus","2"
"Trachymyrmex_bugnioni","Trachymyrmex_bugnioni","2"
"Trachymyrmex_irmgardae","Trachymyrmex_irmgardae","2"
"Trachymyrmex_cornetzi","Trachymyrmex_cornetzi","2"
"Atta_mexicana","Atta_mexicana","2"
"Atta_texana","Atta_texana","2"
"Atta_cephalotes","Atta_cephalotes","2"
"Atta_colombica","Atta_colombica","2"
"Atta_laevigata","Atta_laevigata","2"
"Trachymyrmex_arizonensis","Trachymyrmex_arizonensis","2"
"Trachymyrmex_septentrionalis","Trachymyrmex_septentrionalis","2"
"Trachymyrmex_smithi","Trachymyrmex_smithi","2"
"Acromyrmex_landolti","Acromyrmex_landolti","2"
"Acromyrmex_balzani","Acromyrmex_balzani","2"
"Acromyrmex_echinatior","Acromyrmex_echinatior","2"
"Acromyrmex_octospinosus","Acromyrmex_octospinosus","2"
"Acromyrmex_versicolor","Acromyrmex_versicolor","2"
"Acromyrmex_lundii","Acromyrmex_lundii","2"
"Acromyrmex_heyeri","Acromyrmex_heyeri","2"
"Rhopalothrix_isthmica","Rhopalothrix_isthmica","1"
"Protalaridris_armata","Protalaridris_armata","1"
"Basiceros_manni","Basiceros_manni","1"
"Eurhopalothrix_australis","Eurhopalothrix_australis","1"
"Eurhopalothrix_bolaui","Eurhopalothrix_bolaui","1"
"Talaridris_mandibularis","Talaridris_mandibularis","1"
"Eurhopalothrix_gravis","Eurhopalothrix_gravis","1"
"Octostruma_iheringi","Octostruma_iheringi","1"
"Octostruma_wheeleri","Octostruma_wheeleri","1"
"Pilotrochus_besmerus","Pilotrochus_besmerus","1"
"Phalacromyrmex_fugax","Phalacromyrmex_fugax","1"
"Strumigenys_ambatrix","Strumigenys_ambatrix","1"
"Strumigenys_subedentata","Strumigenys_subedentata","1"
"Strumigenys_biolleyi","Strumigenys_biolleyi","1"
"Strumigenys_prospiciens","Strumigenys_prospiciens","1"
"Strumigenys_fridericimuelleri","Strumigenys_fridericimuelleri","1"
"Strumigenys_nitens","Strumigenys_nitens","1"
"Strumigenys_brevicornis","Strumigenys_brevicornis","1"
"Strumigenys_zeteki","Strumigenys_zeteki","1"
"Strumigenys_myllorhapha","Strumigenys_myllorhapha","1"
"Strumigenys_cordovensis","Strumigenys_cordovensis","1"
"Strumigenys_erynnes","Strumigenys_erynnes","1"
"Strumigenys_khakaura","Strumigenys_khakaura","1"
"Strumigenys_olsoni","Strumigenys_olsoni","1"
"Strumigenys_exiguaevitae","Strumigenys_exiguaevitae","1"
"Strumigenys_ocypete","Strumigenys_ocypete","1"
"Strumigenys_pulchella","Strumigenys_pulchella","1"
"Strumigenys_chiricahua","Strumigenys_chiricahua","1"
"Strumigenys_mandibularis","Strumigenys_mandibularis","1"
"Strumigenys_agetos","Strumigenys_agetos","1"
"Strumigenys_chyzeri","Strumigenys_chyzeri","1"
"Strumigenys_ampyx","Strumigenys_ampyx","1"
"Strumigenys_actis","Strumigenys_actis","1"
"Strumigenys_sphera","Strumigenys_sphera","1"
"Strumigenys_grandidieri","Strumigenys_grandidieri","1"
"Strumigenys_chilo","Strumigenys_chilo","1"
"Strumigenys_scotti","Strumigenys_scotti","1"
"Strumigenys_lura","Strumigenys_lura","1"
"Strumigenys_origo","Strumigenys_origo","1"
"Strumigenys_admixta","Strumigenys_admixta","1"
"Strumigenys_rabesoni","Strumigenys_rabesoni","1"
"Strumigenys_coveri","Strumigenys_coveri","1"
"Strumigenys_luca","Strumigenys_luca","1"
"Strumigenys_covina","Strumigenys_covina","1"
"Strumigenys_cabira","Strumigenys_cabira","1"
"Strumigenys_glycon","Strumigenys_glycon","1"
"Strumigenys_dicomas","Strumigenys_dicomas","1"
"Strumigenys_vazimba","Strumigenys_vazimba","1"
"Strumigenys_lucomo","Strumigenys_lucomo","1"
"Strumigenys_dora","Strumigenys_dora","1"
"Strumigenys_levana","Strumigenys_levana","1"
"Strumigenys_charino","Strumigenys_charino","1"
"Procryptocerus_hylaeus","Procryptocerus_hylaeus","2"
"Procryptocerus_scabriusculus","Procryptocerus_scabriusculus","2"
"Procryptocerus_batesi","Procryptocerus_batesi","2"
"Procryptocerus_carbonarius","Procryptocerus_carbonarius","2"
"Cephalotes_minutus","Cephalotes_minutus","2"
"Cephalotes_simillimus","Cephalotes_simillimus","2"
"Cephalotes_christopherseni","Cephalotes_christopherseni","2"
"Cephalotes_pusillus","Cephalotes_pusillus","2"
"Cephalotes_spinosus","Cephalotes_spinosus","2"
"Cephalotes_crenaticeps","Cephalotes_crenaticeps","2"
"Cephalotes_setulifer","Cephalotes_setulifer","2"
"Cephalotes_targionii","Cephalotes_targionii","2"
"Cephalotes_adolphi","Cephalotes_adolphi","2"
"Cephalotes_jheringi","Cephalotes_jheringi","2"
"Cephalotes_bruchi","Cephalotes_bruchi","2"
"Cephalotes_guayaki","Cephalotes_guayaki","2"
"Cephalotes_pallidus","Cephalotes_pallidus","2"
"Cephalotes_pallidoides","Cephalotes_pallidoides","2"
"Cephalotes_pallens","Cephalotes_pallens","2"
"Cephalotes_varians","Cephalotes_varians","2"
"Cephalotes_porrasi","Cephalotes_porrasi","2"
"Cephalotes_pellans","Cephalotes_pellans","2"
"Cephalotes_patellaris","Cephalotes_patellaris","2"
"Cephalotes_umbraculatus","Cephalotes_umbraculatus","2"
"Cephalotes_maculatus","Cephalotes_maculatus","2"
"Cephalotes_grandinosus","Cephalotes_grandinosus","2"
"Cephalotes_persimplex","Cephalotes_persimplex","2"
"Cephalotes_persimilis","Cephalotes_persimilis","2"
"Cephalotes_cristatus","Cephalotes_cristatus","2"
"Cephalotes_cordatus","Cephalotes_cordatus","2"
"Cephalotes_borgmeieri","Cephalotes_borgmeieri","2"
"Cephalotes_eduarduli","Cephalotes_eduarduli","2"
"Cephalotes_depressus","Cephalotes_depressus","2"
"Cephalotes_clypeatus","Cephalotes_clypeatus","2"
"Cephalotes_basalis","Cephalotes_basalis","2"
"Cephalotes_mompox","Cephalotes_mompox","2"
"Cephalotes_cordiventris","Cephalotes_cordiventris","2"
"Cephalotes_opacus","Cephalotes_opacus","2"
"Cephalotes_placidus","Cephalotes_placidus","2"
"Cephalotes_atratus","Cephalotes_atratus","2"
"Cephalotes_serraticeps","Cephalotes_serraticeps","2"
"Cephalotes_alfaroi","Cephalotes_alfaroi","2"
"Cephalotes_unimaculatus","Cephalotes_unimaculatus","2"
"Cephalotes_auricomus","Cephalotes_auricomus","2"
"Cephalotes_texanus","Cephalotes_texanus","2"
"Cephalotes_rohweri","Cephalotes_rohweri","2"
"Cephalotes_scutulatus","Cephalotes_scutulatus","2"
"Cephalotes_kukulcan","Cephalotes_kukulcan","2"
"Cephalotes_goniodontus","Cephalotes_goniodontus","2"
"Cephalotes_multispinosus","Cephalotes_multispinosus","2"
"Cephalotes_biguttatus","Cephalotes_biguttatus","2"
"Pheidole_exarata","Pheidole_exarata","2"
"Pheidole_fimbriata","Pheidole_fimbriata","2"
"Pheidole_rhea","Pheidole_rhea","2"
"Pheidole_laselva","Pheidole_laselva","2"
"Pheidole_sagittaria","Pheidole_sagittaria","2"
"Pheidole_rhinomontana","Pheidole_rhinomontana","2"
"Pheidole_rhinoceros","Pheidole_rhinoceros","2"
"Pheidole_synarmata","Pheidole_synarmata","2"
"Pheidole_subarmata","Pheidole_subarmata","2"
"Pheidole_williamsi","Pheidole_williamsi","2"
"Pheidole_monteverdensis","Pheidole_monteverdensis","2"
"Pheidole_browni","Pheidole_browni","2"
"Pheidole_pulchella","Pheidole_pulchella","2"
"Pheidole_glomericeps","Pheidole_glomericeps","2"
"Pheidole_simonsi","Pheidole_simonsi","2"
"Pheidole_boruca","Pheidole_boruca","2"
"Pheidole_dasypyx","Pheidole_dasypyx","2"
"Pheidole_rugiceps","Pheidole_rugiceps","2"
"Pheidole_bicarinata","Pheidole_bicarinata","2"
"Pheidole_allarmata","Pheidole_allarmata","2"
"Pheidole_amazonica","Pheidole_amazonica","2"
"Pheidole_mendicula","Pheidole_mendicula","2"
"Pheidole_susannae","Pheidole_susannae","2"
"Pheidole_olsoni","Pheidole_olsoni","2"
"Pheidole_fissiceps","Pheidole_fissiceps","2"
"Pheidole_laticornis","Pheidole_laticornis","2"
"Pheidole_pubiventris","Pheidole_pubiventris","2"
"Pheidole_ulothrix","Pheidole_ulothrix","2"
"Pheidole_dentata","Pheidole_dentata","2"
"Pheidole_psilogaster","Pheidole_psilogaster","2"
"Pheidole_angusticeps","Pheidole_angusticeps","2"
"Pheidole_indagatrix","Pheidole_indagatrix","2"
"Pheidole_havilandi","Pheidole_havilandi","2"
"Pheidole_obtusospinosa","Pheidole_obtusospinosa","2"
"Pheidole_fallax","Pheidole_fallax","2"
"Pheidole_vallicola","Pheidole_vallicola","2"
"Pheidole_morrisii","Pheidole_morrisii","2"
"Pheidole_pugnax","Pheidole_pugnax","2"
"Pheidole_perpilosa","Pheidole_perpilosa","2"
"Pheidole_hyatti","Pheidole_hyatti","2"
"Pheidole_tysoni","Pheidole_tysoni","2"
"Pheidole_clydei","Pheidole_clydei","2"
"Pheidole_spadonia","Pheidole_spadonia","2"
"Pheidole_pilifera","Pheidole_pilifera","2"
"Pheidole_militicida","Pheidole_militicida","2"
"Pheidole_quadrensis","Pheidole_quadrensis","2"
"Pheidole_sabahna","Pheidole_sabahna","2"
"Pheidole_nodus","Pheidole_nodus","2"
"Pheidole_dugasi","Pheidole_dugasi","2"
"Pheidole_sauberi","Pheidole_sauberi","2"
"Pheidole_lucioccipitalis","Pheidole_lucioccipitalis","2"
"Pheidole_tjibodana","Pheidole_tjibodana","2"
"Pheidole_jacobsoni","Pheidole_jacobsoni","2"
"Pheidole_dea","Pheidole_dea","2"
"Pheidole_nigeriensis","Pheidole_nigeriensis","2"
"Pheidole_nindi","Pheidole_nindi","2"
"Pheidole_pallidula","Pheidole_pallidula","2"
"Pheidole_plagiaria","Pheidole_plagiaria","2"
"Pheidole_cryptocera","Pheidole_cryptocera","2"
"Pheidole_roosevelti","Pheidole_roosevelti","2"
"Pheidole_vatu","Pheidole_vatu","2"
"Pheidole_knowlesi","Pheidole_knowlesi","2"
"Pheidole_antipodum","Pheidole_antipodum","2"
"Pheidole_dispar","Pheidole_dispar","2"
"Pheidole_longispinosa","Pheidole_longispinosa","2"
"Pheidole_striaticeps","Pheidole_striaticeps","2"
"Pheidole_ursus","Pheidole_ursus","2"
"Pheidole_zeteki","Pheidole_zeteki","2"
"Pheidole_melanogaster","Pheidole_melanogaster","2"
"Pheidole_onifera","Pheidole_onifera","2"
"Pheidole_sexspinosa","Pheidole_sexspinosa","2"
"Pheidole_umbonata","Pheidole_umbonata","2"
"Pheidole_indica","Pheidole_indica","2"
"Pheidole_annemariae","Pheidole_annemariae","2"
"Pheidole_lucida","Pheidole_lucida","2"
"Pheidole_jonas","Pheidole_jonas","2"
"Pheidole_nemoralis","Pheidole_nemoralis","2"
"Pheidole_spinicornis","Pheidole_spinicornis","2"
"Pheidole_lokitae","Pheidole_lokitae","2"
"Pheidole_oswaldi","Pheidole_oswaldi","2"
"Pheidole_grallatrix","Pheidole_grallatrix","2"
"Pheidole_bessonii","Pheidole_bessonii","2"
